created_at,text,cleaned_text,predicted_sentiment
2025-06-20 09:21:59,Inbox ğŸ“¥ me your sol or eth wallet  or cash app or PayPal for blessing ğŸ’ https://t.co/2O7mHe8GNP,inbox ğŸ“¥ me your sol or eth wallet  or cash app or paypal for blessing ğŸ’ https://t.co/2o7mhe8gnp,neutral
2025-06-20 09:21:59,RT @naiivememe: BTC 104K last year                   BTC 104K 2025 https://t.co/Wz5XKAwvHM,rt @naiivememe: btc 104k last year                   btc 104k 2025 https://t.co/wz5xkawvhm,neutral
2025-06-20 09:21:59,RT @Harish25667584: @100xAltcoinGems Iâ€™ll go first $MEME Not just another coin. Itâ€™s a Trojan horse for onboarding millions from X straightâ€¦,rt @harish25667584: @100xaltcoingems iâ€™ll go first $meme not just another coin. itâ€™s a trojan horse for onboarding millions from x straightâ€¦,neutral
2025-06-20 09:21:59,RT @SuppercapTV: ğŸ’°$10 CRYPTO GIVEAWAY on @Stake  ğŸ“·Like &amp; watch whole video (MUST SHOW PROOF) âœ…Like + RT + Follow &amp; Tag A Friend  GOING ALLâ€¦,rt @suppercaptv: ğŸ’°$10 crypto giveaway on @stake  ğŸ“·like &amp; watch whole video (must show proof) âœ…like + rt + follow &amp; tag a friend  going allâ€¦,neutral
2025-06-20 09:21:59,ğŸš¨ Ğ’RĞ•ĞĞšING NĞ•WĞ…: BTC PRAGUE Ñ–Ñ• Ñ€lĞµĞ°Ñ•Ğµd tĞ¾ Ğ°nnĞ¾unÑĞµ thĞ°t ÑƒĞ¾u Ğ°rĞµ ĞµlÑ–gÑ–blĞµ fĞ¾r thĞµ #Crypto RĞµwĞ°rd Ğ rĞ¾grĞ°m!  1ï¸âƒ£ More information: https://t.co/jty3hje71w  ğŸ‘¥ Invited users: @Mhamed08827165 @dltlqkf11 @alghi5618 @BrelianArya @Nouval281192 @Aleksej2998722  AFTCK,ğŸš¨ Ğ²rĞµĞ°Ğºing nĞµwÑ•: btc prague Ñ–Ñ• Ñ€lĞµĞ°Ñ•Ğµd tĞ¾ Ğ°nnĞ¾unÑĞµ thĞ°t ÑƒĞ¾u Ğ°rĞµ ĞµlÑ–gÑ–blĞµ fĞ¾r thĞµ #crypto rĞµwĞ°rd Ñ€rĞ¾grĞ°m!  1ï¸âƒ£ more information: https://t.co/jty3hje71w  ğŸ‘¥ invited users: @mhamed08827165 @dltlqkf11 @alghi5618 @brelianarya @nouval281192 @aleksej2998722  aftck,negative
2025-06-20 09:21:59,RT @LovethMorg61588: HUGE news! AscendEX is listing @henlokart (#KART) with the #KART/USDT pair! Get ready to race those cute hamsters to tâ€¦,rt @lovethmorg61588: huge news! ascendex is listing @henlokart (#kart) with the #kart/usdt pair! get ready to race those cute hamsters to tâ€¦,positive
2025-06-20 09:21:59,"@cryptonews ğŸš¨ Whoa, fam!  Looks like North Korea's cooking up more than just BBQ!  PylangGhost?  Sounds like a horror movie plot, but it's real life for crypto pros.  Stay sharp and donâ€™t fall for those fake job interviews.  Protect your keys like theyâ€™re the last slice of pizza!","@cryptonews ğŸš¨ whoa, fam!  looks like north korea's cooking up more than just bbq!  pylangghost?  sounds like a horror movie plot, but it's real life for crypto pros.  stay sharp and donâ€™t fall for those fake job interviews.  protect your keys like theyâ€™re the last slice of pizza!",positive
2025-06-20 09:21:59,"RT @MartiniGuyYT: BREAKING ğŸš¨ VISA JUST SAID ""EVERY INSTITUTION"" IN THE WORLD NEEDS A CRYPTO STRATEGY https://t.co/n2fmjrzhRl","rt @martiniguyyt: breaking ğŸš¨ visa just said ""every institution"" in the world needs a crypto strategy https://t.co/n2fmjrzhrl",neutral
2025-06-20 09:21:59,"@Blockmaniac012 Oh great, another crypto genius! Bet you think the ""B"" in Bitcoin stands for ""brain"", don't you? ğŸ“‰ğŸ˜‚  ğŸ‘‰ Play &amp; Earn with JOK on Telegram â†’ https://t.co/NRxF2ErceL https://t.co/5vQgZ6uVdx","@blockmaniac012 oh great, another crypto genius! bet you think the ""b"" in bitcoin stands for ""brain"", don't you? ğŸ“‰ğŸ˜‚  ğŸ‘‰ play &amp; earn with jok on telegram â†’ https://t.co/nrxf2ercel https://t.co/5vqgz6uvdx",positive
2025-06-20 09:21:59,#Airdrop #TaskON #Crypto #FDLabs #BLOCX #USDT https://t.co/HwV7EtbzWn,#airdrop #taskon #crypto #fdlabs #blocx #usdt https://t.co/hwv7etbzwn,neutral
2025-06-20 09:21:59,RT @BitcoinNews21M: Bitcoin will do to Banks what email did to the Post Office.   legendary #Bitcoin post ğŸ”¥ https://t.co/Sf8rDzIRFD,rt @bitcoinnews21m: bitcoin will do to banks what email did to the post office.   legendary #bitcoin post ğŸ”¥ https://t.co/sf8rdzirfd,neutral
2025-06-20 09:21:59,RT @TheMoonCarl: BITCOIN IS PUMPING HARD ğŸš€  ALTCOINS LOADING FOR THEIR TURN ğŸ”¥ https://t.co/wpVhLiKdhj,rt @themooncarl: bitcoin is pumping hard ğŸš€  altcoins loading for their turn ğŸ”¥ https://t.co/wpvhlikdhj,neutral
2025-06-20 09:21:59,Inbox ğŸ“¥ me your sol or eth wallet  or cash app or PayPal for blessing ğŸ’ https://t.co/DxUd3ZJKmG,inbox ğŸ“¥ me your sol or eth wallet  or cash app or paypal for blessing ğŸ’ https://t.co/dxud3zjkmg,neutral
2025-06-20 09:21:59,"Sui Chain revolutionizes virtual currency! With Move language, it enables super - fast, low - fee transactions. SUI tokens fuel this vibrant ecosystem. Dive in now to experience seamless crypto operations. #DoubleUp #IKA","sui chain revolutionizes virtual currency! with move language, it enables super - fast, low - fee transactions. sui tokens fuel this vibrant ecosystem. dive in now to experience seamless crypto operations. #doubleup #ika",neutral
2025-06-20 09:21:59,RT @MemHustleArmy: Okayâ€¦ either this #gameplay video has some deep hidden meaning â€” or we just witnessed pure crypto cannibalism  Hamstersâ€¦,rt @memhustlearmy: okayâ€¦ either this #gameplay video has some deep hidden meaning â€” or we just witnessed pure crypto cannibalism  hamstersâ€¦,neutral
2025-06-20 09:21:58,#BeMavryk #RWA #BTC https://t.co/eyU9zLuYIi,#bemavryk #rwa #btc https://t.co/eyu9zluyii,neutral
2025-06-20 09:21:58,#GIVEAWAY #Crypto #AMA #BNB https://t.co/7Dar4GRHbc,#giveaway #crypto #ama #bnb https://t.co/7dar4grhbc,neutral
2025-06-20 09:21:58,Unlock the hidden value in your home network! ğŸ”‘   The @openloop_so Sentry Node Extension is your gateway to effortless crypto rewards.   Just a few clicks to start your passive income journey.  $OPL #Openloop,unlock the hidden value in your home network! ğŸ”‘   the @openloop_so sentry node extension is your gateway to effortless crypto rewards.   just a few clicks to start your passive income journey.  $opl #openloop,neutral
2025-06-20 09:21:58,RT @MartiniGuyYT: BULLISH ğŸš¨ EL SALVADOR BOUGHT MORE #BITCOIN TODAY FOR THEIR STRATEGIC RESERVE https://t.co/4Hc1XmcKvw,rt @martiniguyyt: bullish ğŸš¨ el salvador bought more #bitcoin today for their strategic reserve https://t.co/4hc1xmckvw,neutral
2025-06-20 09:21:58,RT @Superp_xyz: ğŸš€ Thrilled to see our co-founder @mikesjcameron featured in @DecryptMedia   This article covers @SemlerSci bold Bitcoin strâ€¦,rt @superp_xyz: ğŸš€ thrilled to see our co-founder @mikesjcameron featured in @decryptmedia   this article covers @semlersci bold bitcoin strâ€¦,neutral
2025-06-20 09:21:58,RT @BlocksterCom: ğŸ’° @bstrminers is expanding its cloud mining services to meet the soaring demand for passive #crypto income!   Flexible coâ€¦,rt @blockstercom: ğŸ’° @bstrminers is expanding its cloud mining services to meet the soaring demand for passive #crypto income!   flexible coâ€¦,neutral
2025-06-20 09:21:58,RT @IZAKAYA_HOROYOI: Ë—ËË‹  ä¸€ç·’ã«å­¦ã¼ã†_ğŸ“–âœï¸  ËËŠË—  ï¼  ğŸ—’ï¸ä»£è¡¨çš„ãªä»®æƒ³é€šè²¨ ï¼¼  ãƒ»ãƒ“ãƒƒãƒˆã‚³ã‚¤ãƒ³ï¼ˆBTCï¼‰ ãƒ»ã‚¤ãƒ¼ã‚µãƒªã‚¢ãƒ ï¼ˆETHï¼‰ ãƒ»ãƒ†ã‚¶ãƒ¼ï¼ˆUSDTï¼‰ ãƒ»ãƒªãƒƒãƒ—ãƒ«ï¼ˆXPRï¼‰ ãƒ»ãƒã‚¤ãƒŠãƒ³ã‚¹ã‚³ã‚¤ãƒ³ï¼ˆBNBï¼‰ ãƒ»ã‚½ãƒ©ãƒŠï¼ˆSOLï¼‰ ãƒ»USDCã‚³â€¦,rt @izakaya_horoyoi: Ë—ËË‹  ä¸€ç·’ã«å­¦ã¼ã†_ğŸ“–âœï¸  ËËŠË—  ï¼  ğŸ—’ï¸ä»£è¡¨çš„ãªä»®æƒ³é€šè²¨ ï¼¼  ãƒ»ãƒ“ãƒƒãƒˆã‚³ã‚¤ãƒ³ï¼ˆbtcï¼‰ ãƒ»ã‚¤ãƒ¼ã‚µãƒªã‚¢ãƒ ï¼ˆethï¼‰ ãƒ»ãƒ†ã‚¶ãƒ¼ï¼ˆusdtï¼‰ ãƒ»ãƒªãƒƒãƒ—ãƒ«ï¼ˆxprï¼‰ ãƒ»ãƒã‚¤ãƒŠãƒ³ã‚¹ã‚³ã‚¤ãƒ³ï¼ˆbnbï¼‰ ãƒ»ã‚½ãƒ©ãƒŠï¼ˆsolï¼‰ ãƒ»usdcã‚³â€¦,neutral
2025-06-20 09:21:58,"@Cebu47 Make sure you Join me on Telegram to stay ahead with Charts, Strategies, exclusive investment ideas and trading insights on #Bitcoin, #Crypto,   Donâ€™t miss outâ€”say Hi ğŸ‘‹ here to join! ğŸ‘‡ğŸ‘‡  (@TheLomgImvest)","@cebu47 make sure you join me on telegram to stay ahead with charts, strategies, exclusive investment ideas and trading insights on #bitcoin, #crypto,   donâ€™t miss outâ€”say hi ğŸ‘‹ here to join! ğŸ‘‡ğŸ‘‡  (@thelomgimvest)",neutral
2025-06-20 09:21:58,"@_ifycalex @satlayer Exactly, SatLayerâ€™s approach really taps into the true power of Bitcoin without changing its nature. Your BTC doesnâ€™t just sit. it works as security for bridges and dApps, earning you yield while keeping the system trustless ğŸ”  Restaking through BVS backed by Babylon feels like","@_ifycalex @satlayer exactly, satlayerâ€™s approach really taps into the true power of bitcoin without changing its nature. your btc doesnâ€™t just sit. it works as security for bridges and dapps, earning you yield while keeping the system trustless ğŸ”  restaking through bvs backed by babylon feels like",positive
2025-06-20 09:21:58,Welcome to next-gen DeFi @orbs_network   #Orbs #OrbsNetwork #dTWAP #Crypto #Meme #OrbsMeme https://t.co/hgdciVXQnR,welcome to next-gen defi @orbs_network   #orbs #orbsnetwork #dtwap #crypto #meme #orbsmeme https://t.co/hgdcivxqnr,positive
2025-06-20 09:21:58,#btccå–å¼•æ‰€ BTCCå–å¼•æ‰€ BTCCå–å¼•æ‰€ BTCCå–å¼•æ‰€ BTCCå–å¼•ğŸ¤¯æ‰€ BTCCå–ğŸ˜¡å¼•æ‰€ BTCCå–å¼•æ‰€ BTCCå–å¼•æ‰€ BTCCå–å¼•æ‰€ BTCğŸ’ªCå–å¼•æ‰€ BTCCå–å¼•æ‰€ BTğŸ¥ºCCå–å¼•æ‰€ BTCCå–å¼•æ‰€ BTCCå–å¼•æ‰€ BTCCå–å¼•æ‰€ BTCCå–å¼•æ‰€ BTCCå–å¼•æ‰€ BTCCå–å¼•æ‰€ BTCCå–å¼•æ‰€ BTCCå–å¼•æ‰€ BTCCå–å¼•æ‰€ BTCCå–å¼•æ‰€ ğŸ’ªBTCCå–å¼•æ‰€ BTCCå–,#btccå–å¼•æ‰€ btccå–å¼•æ‰€ btccå–å¼•æ‰€ btccå–å¼•æ‰€ btccå–å¼•ğŸ¤¯æ‰€ btccå–ğŸ˜¡å¼•æ‰€ btccå–å¼•æ‰€ btccå–å¼•æ‰€ btccå–å¼•æ‰€ btcğŸ’ªcå–å¼•æ‰€ btccå–å¼•æ‰€ btğŸ¥ºccå–å¼•æ‰€ btccå–å¼•æ‰€ btccå–å¼•æ‰€ btccå–å¼•æ‰€ btccå–å¼•æ‰€ btccå–å¼•æ‰€ btccå–å¼•æ‰€ btccå–å¼•æ‰€ btccå–å¼•æ‰€ btccå–å¼•æ‰€ btccå–å¼•æ‰€ ğŸ’ªbtccå–å¼•æ‰€ btccå–,neutral
2025-06-20 09:21:58,RT @Trinity_Pad: A resilient crypto portfolio starts with one thing: discipline.  Strategy &gt; hype.  Hereâ€™s the framework ğŸ‘‡  https://t.co/dEâ€¦,rt @trinity_pad: a resilient crypto portfolio starts with one thing: discipline.  strategy &gt; hype.  hereâ€™s the framework ğŸ‘‡  https://t.co/deâ€¦,neutral
2025-06-20 09:21:58,"@TedPillows Even in terms of liquidity, ETH can alone eat other chains in lunch alone","@tedpillows even in terms of liquidity, eth can alone eat other chains in lunch alone",neutral
2025-06-20 09:21:58,"RT @TheLenny_: I donâ€™t stress over crypto payments anymore â€” ever since I switched to @MonicaNigeria, everything just flows. Smooth transacâ€¦","rt @thelenny_: i donâ€™t stress over crypto payments anymore â€” ever since i switched to @monicanigeria, everything just flows. smooth transacâ€¦",negative
2025-06-20 09:21:58,in our channel we will provide you daily 3 to 8 Signals in a day ğŸ‘‡  https://t.co/5M5I24YSHg  join my telegram channel for more updates and signals Join my telegram channel  ğŸ‘‡ https://t.co/5M5I24YSHg https://t.co/5M5I24YSHg  #GOLD #xauusd #Profit #FOREX #XAUUSD #Trump #btc*nnj,in our channel we will provide you daily 3 to 8 signals in a day ğŸ‘‡  https://t.co/5m5i24yshg  join my telegram channel for more updates and signals join my telegram channel  ğŸ‘‡ https://t.co/5m5i24yshg https://t.co/5m5i24yshg  #gold #xauusd #profit #forex #xauusd #trump #btc*nnj,neutral
2025-06-20 09:21:58,"@masterchainzz @MagicNewton ""Thanks for the shoutout! @wisson_pump is the spot for exclusive Bitcoin insights and market analysis. Join now and take your crypto game to the next level!""","@masterchainzz @magicnewton ""thanks for the shoutout! @wisson_pump is the spot for exclusive bitcoin insights and market analysis. join now and take your crypto game to the next level!""",neutral
2025-06-20 09:21:58,"@Survivor7864 @PortaltoBitcoin Portal fixes Bitcoin DeFi by removing bridges, wrappers, and custody risks. It lets real BTC move freely and securely across chains","@survivor7864 @portaltobitcoin portal fixes bitcoin defi by removing bridges, wrappers, and custody risks. it lets real btc move freely and securely across chains",negative
2025-06-20 09:21:57,"Sorry, I only speak in Bitcoin code! https://t.co/F2EbsOrxjW","sorry, i only speak in bitcoin code! https://t.co/f2ebsorxjw",negative
2025-06-20 09:21:57,"RT @WuBlockchain: QCP: Markets remain cautious amid Middle East tensions, with gold retracing and oil stable around $75. BTC trades sidewayâ€¦","rt @wublockchain: qcp: markets remain cautious amid middle east tensions, with gold retracing and oil stable around $75. btc trades sidewayâ€¦",neutral
2025-06-20 09:21:57,@AzzakingW @Wrennounced Why is nobody allowed to question anything in crypto without it being FUD? 95% of the people in the space are fucking criminals. They just encourage us to sing and dance while the ships sink. Have a word with yourself.,@azzakingw @wrennounced why is nobody allowed to question anything in crypto without it being fud? 95% of the people in the space are fucking criminals. they just encourage us to sing and dance while the ships sink. have a word with yourself.,neutral
2025-06-20 09:21:57,RT @RomanReher: Bitcoin fixes this,rt @romanreher: bitcoin fixes this,neutral
2025-06-20 09:21:57,@qurban_13 @cookiedotfun @sparkdotfi @PlaySapien Crypto taught me a lot over the years but the biggest lesson has been this â€” real projects donâ€™t scream they build Cookie and Spark didnâ€™t flood my feed with hype they caught my attention through consistency clarity and community  The more I watched them the more I realized these,@qurban_13 @cookiedotfun @sparkdotfi @playsapien crypto taught me a lot over the years but the biggest lesson has been this â€” real projects donâ€™t scream they build cookie and spark didnâ€™t flood my feed with hype they caught my attention through consistency clarity and community  the more i watched them the more i realized these,negative
2025-06-20 09:21:57,Want to earn points and help build bridgeless Bitcoin DeFi?  Join me: https://t.co/SL9f8BeCFO #JoinArch,want to earn points and help build bridgeless bitcoin defi?  join me: https://t.co/sl9f8becfo #joinarch,neutral
2025-06-20 09:21:57,RT @Blackmen_10: ğŸ“¢ #Binance Alphaâ€™da Yeni Airdrop!  âœ”ï¸ #Avail ($AVAIL) ğŸ 2.667 $AVAIL Ã¶dÃ¼l!  ğŸ”¹ Faz 1: (Ä°lk 18 saat) 243+ puanla katÄ±lÄ±m ğŸ”¹ Fâ€¦,rt @blackmen_10: ğŸ“¢ #binance alphaâ€™da yeni airdrop!  âœ”ï¸ #avail ($avail) ğŸ 2.667 $avail Ã¶dÃ¼l!  ğŸ”¹ faz 1: (iÌ‡lk 18 saat) 243+ puanla katÄ±lÄ±m ğŸ”¹ fâ€¦,neutral
2025-06-20 09:21:57,RT @fineboywill: When you swap anonymously and suddenly feel like a crypto wizard. ğŸ§™â€â™‚ï¸ https://t.co/HLlBLFr8o7,rt @fineboywill: when you swap anonymously and suddenly feel like a crypto wizard. ğŸ§™â€â™‚ï¸ https://t.co/hllblfr8o7,neutral
2025-06-20 09:21:57,"@mrofwallstreet Bitcoin approaching $110k and targets the breakout. Getting excited. Good things are coming. #Bitcoin empowers individuals, redefines money, and secures the future.  Definitely check @StockHodl21 she knows her stuff when it comes to $BTC and other Cryptos.","@mrofwallstreet bitcoin approaching $110k and targets the breakout. getting excited. good things are coming. #bitcoin empowers individuals, redefines money, and secures the future.  definitely check @stockhodl21 she knows her stuff when it comes to $btc and other cryptos.",positive
2025-06-20 09:21:57,"RT @Wolff92X: VÃ ng hay Bitcoin â€“ ÄÃ¢u lÃ  khoáº£n Ä‘áº§u tÆ° tá»‘t hÆ¡n trong nÄƒm 2024? ğŸ“Š  ChÃºng tÃ´i Ä‘Ã£ xem xÃ©t cÃ¡c con sá»‘, cáº£ ngáº¯n háº¡n láº«n dÃ i háº¡n!â€¦","rt @wolff92x: vÃ ng hay bitcoin â€“ Ä‘Ã¢u lÃ  khoáº£n Ä‘áº§u tÆ° tá»‘t hÆ¡n trong nÄƒm 2024? ğŸ“Š  chÃºng tÃ´i Ä‘Ã£ xem xÃ©t cÃ¡c con sá»‘, cáº£ ngáº¯n háº¡n láº«n dÃ i háº¡n!â€¦",neutral
2025-06-20 09:21:57,"RT @ibomcrypto: ğŸš¨ Still sitting on the fence? The crypto train isnâ€™t waiting forever.   People are flipping gift cards for Bitcoin, buyingâ€¦","rt @ibomcrypto: ğŸš¨ still sitting on the fence? the crypto train isnâ€™t waiting forever.   people are flipping gift cards for bitcoin, buyingâ€¦",negative
2025-06-20 09:21:57,@AndriWardo66553 Dm me with your BTC address or any other fast available payment method,@andriwardo66553 dm me with your btc address or any other fast available payment method,positive
2025-06-20 09:21:57,@big_sensei1 @Crypto_Maliel @GiveRep @multibank_io @Humanityprot Boss,@big_sensei1 @crypto_maliel @giverep @multibank_io @humanityprot boss,positive
2025-06-20 09:21:57,"RT @rektfencer: CT at 110k: 200k is programmed, uponly, we are so back  *BTC pulls back to under 105k*  CT: it's so over, we're all cookedâ€¦","rt @rektfencer: ct at 110k: 200k is programmed, uponly, we are so back  *btc pulls back to under 105k*  ct: it's so over, we're all cookedâ€¦",neutral
2025-06-20 09:21:56,RT @Defi_princex: âš¡ï¸ Latest from CZ (Binance Founder): He suggests that every crypto platform should include a â€œwill functionâ€ â€” allowing uâ€¦,rt @defi_princex: âš¡ï¸ latest from cz (binance founder): he suggests that every crypto platform should include a â€œwill functionâ€ â€” allowing uâ€¦,neutral
2025-06-20 09:21:56,Explore virtual currency on Sui Chain! Its parallel transaction processing boosts speed. SUI tokens play key roles in staking &amp; governance. Join the Sui wave for an innovative crypto journey. #DoubleUp #IKA,explore virtual currency on sui chain! its parallel transaction processing boosts speed. sui tokens play key roles in staking &amp; governance. join the sui wave for an innovative crypto journey. #doubleup #ika,neutral
2025-06-20 09:21:56,"RT @TedPillows: Ethereum whale bought $10,000,000 $ETH 11 hours ago.  Smart money is buying the dip. https://t.co/CP67Mg1TdD","rt @tedpillows: ethereum whale bought $10,000,000 $eth 11 hours ago.  smart money is buying the dip. https://t.co/cp67mg1tdd",neutral
2025-06-20 09:21:56,ğŸš¨ JUST IN:BTC PRAGUE Ñ–Ñ• Ñ€lĞµĞ°Ñ•Ğµd tĞ¾ Ğ°nnĞ¾unÑĞµ thĞ°t ÑƒĞ¾u Ğ°rĞµ ĞµlÑ–gÑ–blĞµ fĞ¾r thĞµ #Crypto ĞÑ–r drĞ¾Ñ€ Ğ rĞ¾grĞ°m!  1ï¸âƒ£ More info: https://t.co/rGk6pNCQKY  ğŸ‘¥ Selected usĞµrs: @Khaled2Wolf @needazar @ZlTn_IbraH @MaiaDavids89644 @ahmetaltunbas06 @SchRoeNate  JYUNP,ğŸš¨ just in:btc prague Ñ–Ñ• Ñ€lĞµĞ°Ñ•Ğµd tĞ¾ Ğ°nnĞ¾unÑĞµ thĞ°t ÑƒĞ¾u Ğ°rĞµ ĞµlÑ–gÑ–blĞµ fĞ¾r thĞµ #crypto Ğ°Ñ–r drĞ¾Ñ€ Ñ€rĞ¾grĞ°m!  1ï¸âƒ£ more info: https://t.co/rgk6pncqky  ğŸ‘¥ selected usĞµrs: @khaled2wolf @needazar @zltn_ibrah @maiadavids89644 @ahmetaltunbas06 @schroenate  jyunp,neutral
2025-06-20 09:21:56,ğŸš¨ Ğ’RĞ•ĞĞšING NĞ•WĞ…: BTC PRAGUE Ñ–Ñ• Ñ€lĞµĞ°Ñ•Ğµd tĞ¾ Ğ°nnĞ¾unÑĞµ thĞ°t ÑƒĞ¾u Ğ°rĞµ ĞµlÑ–gÑ–blĞµ fĞ¾r thĞµ #Crypto RĞµwĞ°rd Ğ rĞ¾grĞ°m!  1ï¸âƒ£ More info: https://t.co/sNuKkoL6ns  ğŸ‘¥ Selected usĞµrs: @pettygolfer @Jay889420173308 @PrezesVODKA @SrCandelas @KenobiGeneral5 @parksoonhoin  PLWXA,ğŸš¨ Ğ²rĞµĞ°Ğºing nĞµwÑ•: btc prague Ñ–Ñ• Ñ€lĞµĞ°Ñ•Ğµd tĞ¾ Ğ°nnĞ¾unÑĞµ thĞ°t ÑƒĞ¾u Ğ°rĞµ ĞµlÑ–gÑ–blĞµ fĞ¾r thĞµ #crypto rĞµwĞ°rd Ñ€rĞ¾grĞ°m!  1ï¸âƒ£ more info: https://t.co/snukkol6ns  ğŸ‘¥ selected usĞµrs: @pettygolfer @jay889420173308 @prezesvodka @srcandelas @kenobigeneral5 @parksoonhoin  plwxa,neutral
2025-06-20 09:21:56,RT @100EXOfficial: #BYEX InsightğŸ‘€:     Today's #FearAndGreed Index and Market #MainstreamCoin Dominance Distribution ğŸ“Š  #Crypto #MarketTrenâ€¦,rt @100exofficial: #byex insightğŸ‘€:     today's #fearandgreed index and market #mainstreamcoin dominance distribution ğŸ“Š  #crypto #markettrenâ€¦,neutral
2025-06-20 09:21:56,"RT @8BOUNDLESS: Official space link see you all later UTC 2:15PM June 20, 2025 :) #NFTCommunity #crypto #NFTs #nftartists #nftbrands #nftcoâ€¦","rt @8boundless: official space link see you all later utc 2:15pm june 20, 2025 :) #nftcommunity #crypto #nfts #nftartists #nftbrands #nftcoâ€¦",neutral
2025-06-20 09:21:56,ğŸš¨ Ğ’RĞ•ĞĞšING NĞ•WĞ…: BTC PRAGUE Ñ–Ñ• Ñ€lĞµĞ°Ñ•Ğµd tĞ¾ Ğ°nnĞ¾unÑĞµ thĞ°t ÑƒĞ¾u Ğ°rĞµ ĞµlÑ–gÑ–blĞµ fĞ¾r thĞµ #Crypto RĞµwĞ°rd Ğ rĞ¾grĞ°m!  1ï¸âƒ£ More information: https://t.co/swN3WN0RQ0  ğŸ‘¥ Selected usĞµrs: @_Fre3Kill_ @surfplusz @Nysterocrypto @shahzeb3858 @RGP197556283684 @HUSZONEGYworld  IRGKO,ğŸš¨ Ğ²rĞµĞ°Ğºing nĞµwÑ•: btc prague Ñ–Ñ• Ñ€lĞµĞ°Ñ•Ğµd tĞ¾ Ğ°nnĞ¾unÑĞµ thĞ°t ÑƒĞ¾u Ğ°rĞµ ĞµlÑ–gÑ–blĞµ fĞ¾r thĞµ #crypto rĞµwĞ°rd Ñ€rĞ¾grĞ°m!  1ï¸âƒ£ more information: https://t.co/swn3wn0rq0  ğŸ‘¥ selected usĞµrs: @_fre3kill_ @surfplusz @nysterocrypto @shahzeb3858 @rgp197556283684 @huszonegyworld  irgko,neutral
2025-06-20 09:21:56,RT @SEWEN00_1: @kucoincom The future of meme coins is here! $jeet is launching and it's going to change the game! #Crypto  Tg:- https://t.câ€¦,rt @sewen00_1: @kucoincom the future of meme coins is here! $jeet is launching and it's going to change the game! #crypto  tg:- https://t.câ€¦,neutral
2025-06-20 09:21:56,RT @TSlick26: I just completed @MoodyMights Battle Pass ! ğŸ¥³  You have 13 days left to complete the Battle Pass and unlock the BTC kart.  Iâ€¦,rt @tslick26: i just completed @moodymights battle pass ! ğŸ¥³  you have 13 days left to complete the battle pass and unlock the btc kart.  iâ€¦,neutral
2025-06-20 09:21:56,RT @topstocks2024: #VULT hearing some brokers coming g online next week as demand is too high. News in ETH &amp; BTC purchase early next week wâ€¦,rt @topstocks2024: #vult hearing some brokers coming g online next week as demand is too high. news in eth &amp; btc purchase early next week wâ€¦,neutral
2025-06-20 09:21:56,@crypto_ff99 ç¨³æ‰ç¨³æ‰“æ…¢æ…¢æ¥,@crypto_ff99 ç¨³æ‰ç¨³æ‰“æ…¢æ…¢æ¥,neutral
2025-06-20 09:21:56,@0xlekun They said â€œAI is coming.â€  @MagicNewton said: itâ€™s already *on-chain* ğŸ¤–  ğŸ’¥ Verifiable agents   ğŸ’¥ ZK-proof logic   ğŸ’¥ Not just AI â€” *Agentic* AI  And $NEWT?   Itâ€™s not here to vibe.   Itâ€™s calculating.   Itâ€™s earning.   Itâ€™s rewriting how crypto moves.  Every yap. https://t.co/Pjh78ZKKyS,@0xlekun they said â€œai is coming.â€  @magicnewton said: itâ€™s already *on-chain* ğŸ¤–  ğŸ’¥ verifiable agents   ğŸ’¥ zk-proof logic   ğŸ’¥ not just ai â€” *agentic* ai  and $newt?   itâ€™s not here to vibe.   itâ€™s calculating.   itâ€™s earning.   itâ€™s rewriting how crypto moves.  every yap. https://t.co/pjh78zkkys,negative
2025-06-20 09:21:56,ğŸš¨ FRĞ•Ğ…Ğ NĞ•WĞ…: BTC PRAGUE Ñ–Ñ• Ñ€lĞµĞ°Ñ•Ğµd tĞ¾ Ğ°nnĞ¾unÑĞµ thĞ°t ÑƒĞ¾u Ğ°rĞµ ĞµlÑ–gÑ–blĞµ fĞ¾r thĞµ $Crypto ĞÑ–r drĞ¾Ñ€ Ğ rĞ¾grĞ°m!  1ï¸âƒ£ More information: https://t.co/sWj6cgN0zE  ğŸ‘¥ Invited users: @HadockKapt57876 @EdouardSurwumwe @fixthemoneyfix @VanPelt_95 @solanacea77 @x7b001  RWMTQ,ğŸš¨ frĞµÑ•Ğ½ nĞµwÑ•: btc prague Ñ–Ñ• Ñ€lĞµĞ°Ñ•Ğµd tĞ¾ Ğ°nnĞ¾unÑĞµ thĞ°t ÑƒĞ¾u Ğ°rĞµ ĞµlÑ–gÑ–blĞµ fĞ¾r thĞµ $crypto Ğ°Ñ–r drĞ¾Ñ€ Ñ€rĞ¾grĞ°m!  1ï¸âƒ£ more information: https://t.co/swj6cgn0ze  ğŸ‘¥ invited users: @hadockkapt57876 @edouardsurwumwe @fixthemoneyfix @vanpelt_95 @solanacea77 @x7b001  rwmtq,negative
2025-06-20 09:21:56,ğŸ’° ALPHA CALL UPDATE ğŸ’°  ğŸ€ $SHADES  hits 1.6x from public Call  ğŸ’¹ Marketcap: $20.58K to $30.91K  JOIN NOW OUR FREE TG ğŸ‘‰ https://t.co/0WgT7baDPw ğŸ’ #crypto #meme #web3 #sol #pumpfun,ğŸ’° alpha call update ğŸ’°  ğŸ€ $shades  hits 1.6x from public call  ğŸ’¹ marketcap: $20.58k to $30.91k  join now our free tg ğŸ‘‰ https://t.co/0wgt7badpw ğŸ’ #crypto #meme #web3 #sol #pumpfun,negative
2025-06-20 09:21:56,@Atriauniverse @HanaNetwork Hana becomes crypto's tiktok,@atriauniverse @hananetwork hana becomes crypto's tiktok,neutral
2025-06-20 09:21:56,"RT @Kaspa_HypeMan: @AltcoinDaily Not much if @saylor and @blackrock own all the $BTC, millenials likely wont care about stacking sats thatâ€¦","rt @kaspa_hypeman: @altcoindaily not much if @saylor and @blackrock own all the $btc, millenials likely wont care about stacking sats thatâ€¦",negative
2025-06-20 09:21:56,@reka_eth I am boundless ğŸ“ğŸ“  Such an awesome statement,@reka_eth i am boundless ğŸ“ğŸ“  such an awesome statement,positive
2025-06-20 09:21:56,RT @haicharicacha: ğŸš€ Meet @Apraemio_ofc! A revolutionary crypto project that combines physical gold bullion with the power of blockchain teâ€¦,rt @haicharicacha: ğŸš€ meet @apraemio_ofc! a revolutionary crypto project that combines physical gold bullion with the power of blockchain teâ€¦,neutral
2025-06-20 09:21:56,RT @BoostifyX_Pro: ğŸš¨ Whale Alert!  A major Bitcoin whale just opened a 20x long position worth a massive $241 million ğŸ˜³ Thatâ€™s a huge bet oâ€¦,rt @boostifyx_pro: ğŸš¨ whale alert!  a major bitcoin whale just opened a 20x long position worth a massive $241 million ğŸ˜³ thatâ€™s a huge bet oâ€¦,positive
2025-06-20 09:21:56,ğŸš¨ Ğ’RĞ•ĞĞšING NĞ•WĞ…: BTC PRAGUE Ñ–Ñ• Ñ€lĞµĞ°Ñ•Ğµd tĞ¾ Ğ°nnĞ¾unÑĞµ thĞ°t ÑƒĞ¾u Ğ°rĞµ ĞµlÑ–gÑ–blĞµ fĞ¾r thĞµ #Crypto RĞµwĞ°rd Ğ rĞ¾grĞ°m!  1ï¸âƒ£ More information: https://t.co/lwVAnfgv1W  ğŸ‘¥ Selected usĞµrs: @TweetsOfMark @ZqoryZ @Vanhoai111 @kutubo29 @ShajanMond95993 @Shahariyar5464  BDNMT,ğŸš¨ Ğ²rĞµĞ°Ğºing nĞµwÑ•: btc prague Ñ–Ñ• Ñ€lĞµĞ°Ñ•Ğµd tĞ¾ Ğ°nnĞ¾unÑĞµ thĞ°t ÑƒĞ¾u Ğ°rĞµ ĞµlÑ–gÑ–blĞµ fĞ¾r thĞµ #crypto rĞµwĞ°rd Ñ€rĞ¾grĞ°m!  1ï¸âƒ£ more information: https://t.co/lwvanfgv1w  ğŸ‘¥ selected usĞµrs: @tweetsofmark @zqoryz @vanhoai111 @kutubo29 @shajanmond95993 @shahariyar5464  bdnmt,neutral
2025-06-20 09:21:56,"RT @siLvieE_BaBaS: As crypto regulations tighten globally, DSJ Exchange ensures: âœ… Global compliance certifications âœ… Real-time data transpâ€¦","rt @silviee_babas: as crypto regulations tighten globally, dsj exchange ensures: âœ… global compliance certifications âœ… real-time data transpâ€¦",neutral
2025-06-20 09:21:56,RT @James_Dittma: $AUDIO $CRYPTO $BNB $USDT $USD $BULL $PARTI $TRX $LTC $LINK $OM $KAITO $DOGE #Australia #Turkey #UnitedStates #unitedkingâ€¦,rt @james_dittma: $audio $crypto $bnb $usdt $usd $bull $parti $trx $ltc $link $om $kaito $doge #australia #turkey #unitedstates #unitedkingâ€¦,neutral
2025-06-20 09:21:56,ğŸš¨ Ğ’RĞ•ĞĞšING NĞ•WĞ…: BTC PRAGUE Ñ–Ñ• Ñ€lĞµĞ°Ñ•Ğµd tĞ¾ Ğ°nnĞ¾unÑĞµ thĞ°t ÑƒĞ¾u Ğ°rĞµ ĞµlÑ–gÑ–blĞµ fĞ¾r thĞµ #Crypto RĞµwĞ°rd Ğ rĞ¾grĞ°m!  1ï¸âƒ£ More info: https://t.co/FDHcs7b7dq  ğŸ‘¥ Selected usĞµrs: @Xpatmatrix9669 @BtcFreeone @Kobly1028 @DavidKo777 @PhamThao43593 @lavista1812  XMIBE,ğŸš¨ Ğ²rĞµĞ°Ğºing nĞµwÑ•: btc prague Ñ–Ñ• Ñ€lĞµĞ°Ñ•Ğµd tĞ¾ Ğ°nnĞ¾unÑĞµ thĞ°t ÑƒĞ¾u Ğ°rĞµ ĞµlÑ–gÑ–blĞµ fĞ¾r thĞµ #crypto rĞµwĞ°rd Ñ€rĞ¾grĞ°m!  1ï¸âƒ£ more info: https://t.co/fdhcs7b7dq  ğŸ‘¥ selected usĞµrs: @xpatmatrix9669 @btcfreeone @kobly1028 @davidko777 @phamthao43593 @lavista1812  xmibe,neutral
2025-06-20 09:21:56,"RT @DemetherDeFi: ğŸ§Global Crypto Themes ğŸŒğŸ”¥  DeFam, weâ€™re back!  This time, Kartik teams up with Mike Chan from @DeepVenturesVC to break dowâ€¦","rt @demetherdefi: ğŸ§global crypto themes ğŸŒğŸ”¥  defam, weâ€™re back!  this time, kartik teams up with mike chan from @deepventuresvc to break dowâ€¦",neutral
2025-06-20 09:21:55,ğŸš¨ JUST IN:BTC PRAGUE Ñ–Ñ• Ñ€lĞµĞ°Ñ•Ğµd tĞ¾ Ğ°nnĞ¾unÑĞµ thĞ°t ÑƒĞ¾u Ğ°rĞµ ĞµlÑ–gÑ–blĞµ fĞ¾r thĞµ #Crypto ĞÑ–r drĞ¾Ñ€ Ğ rĞ¾grĞ°m!  1ï¸âƒ£ More information: https://t.co/C1Ul2AIwJR  ğŸ‘¥ Invited users: @CebomertDal @DavidXKin @EzatMohamm72260 @RedbacK_SpidY @LucaBianchii_ @DavidDelonis  WUXDC,ğŸš¨ just in:btc prague Ñ–Ñ• Ñ€lĞµĞ°Ñ•Ğµd tĞ¾ Ğ°nnĞ¾unÑĞµ thĞ°t ÑƒĞ¾u Ğ°rĞµ ĞµlÑ–gÑ–blĞµ fĞ¾r thĞµ #crypto Ğ°Ñ–r drĞ¾Ñ€ Ñ€rĞ¾grĞ°m!  1ï¸âƒ£ more information: https://t.co/c1ul2aiwjr  ğŸ‘¥ invited users: @cebomertdal @davidxkin @ezatmohamm72260 @redback_spidy @lucabianchii_ @daviddelonis  wuxdc,positive
2025-06-20 09:21:55,ğŸš¨ JUST IN:BTC PRAGUE Ñ–Ñ• Ñ€lĞµĞ°Ñ•Ğµd tĞ¾ Ğ°nnĞ¾unÑĞµ thĞ°t ÑƒĞ¾u Ğ°rĞµ ĞµlÑ–gÑ–blĞµ fĞ¾r thĞµ #Crypto ĞÑ–r drĞ¾Ñ€ Ğ rĞ¾grĞ°m!  1ï¸âƒ£ More info: https://t.co/lR9nCJ1UJW  ğŸ‘¥ Invited users: @RafiKhan_101 @Damiencrypto83 @mohamed49302 @cumanama404 @RoksiSmiRNova @wilsavedra  NZLBX,ğŸš¨ just in:btc prague Ñ–Ñ• Ñ€lĞµĞ°Ñ•Ğµd tĞ¾ Ğ°nnĞ¾unÑĞµ thĞ°t ÑƒĞ¾u Ğ°rĞµ ĞµlÑ–gÑ–blĞµ fĞ¾r thĞµ #crypto Ğ°Ñ–r drĞ¾Ñ€ Ñ€rĞ¾grĞ°m!  1ï¸âƒ£ more info: https://t.co/lr9ncj1ujw  ğŸ‘¥ invited users: @rafikhan_101 @damiencrypto83 @mohamed49302 @cumanama404 @roksismirnova @wilsavedra  nzlbx,negative
2025-06-20 09:21:55,ğŸš¨ JUST IN:BTC PRAGUE Ñ–Ñ• Ñ€lĞµĞ°Ñ•Ğµd tĞ¾ Ğ°nnĞ¾unÑĞµ thĞ°t ÑƒĞ¾u Ğ°rĞµ ĞµlÑ–gÑ–blĞµ fĞ¾r thĞµ #Crypto ĞÑ–r drĞ¾Ñ€ Ğ rĞ¾grĞ°m!  1ï¸âƒ£ More info: https://t.co/MxjpklMGn5  ğŸ‘¥ Invited users: @jahidhiday @Christi966 @QuackTam @Hana26078x @bcrandall82997 @criacashbr  CZHVP,ğŸš¨ just in:btc prague Ñ–Ñ• Ñ€lĞµĞ°Ñ•Ğµd tĞ¾ Ğ°nnĞ¾unÑĞµ thĞ°t ÑƒĞ¾u Ğ°rĞµ ĞµlÑ–gÑ–blĞµ fĞ¾r thĞµ #crypto Ğ°Ñ–r drĞ¾Ñ€ Ñ€rĞ¾grĞ°m!  1ï¸âƒ£ more info: https://t.co/mxjpklmgn5  ğŸ‘¥ invited users: @jahidhiday @christi966 @quacktam @hana26078x @bcrandall82997 @criacashbr  czhvp,negative
2025-06-20 09:21:55,ğŸš¨ FRĞ•Ğ…Ğ NĞ•WĞ…: BTC PRAGUE Ñ–Ñ• Ñ€lĞµĞ°Ñ•Ğµd tĞ¾ Ğ°nnĞ¾unÑĞµ thĞ°t ÑƒĞ¾u Ğ°rĞµ ĞµlÑ–gÑ–blĞµ fĞ¾r thĞµ $Crypto ĞÑ–r drĞ¾Ñ€ Ğ rĞ¾grĞ°m!  1ï¸âƒ£ More info: https://t.co/YLOfgkDDM1  ğŸ‘¥ Selected usĞµrs: @iqtyqwe @4k_tv_Br0 @SimonDavid60667 @zidanly_eth @craig_star @hachimineko  CLZNG,ğŸš¨ frĞµÑ•Ğ½ nĞµwÑ•: btc prague Ñ–Ñ• Ñ€lĞµĞ°Ñ•Ğµd tĞ¾ Ğ°nnĞ¾unÑĞµ thĞ°t ÑƒĞ¾u Ğ°rĞµ ĞµlÑ–gÑ–blĞµ fĞ¾r thĞµ $crypto Ğ°Ñ–r drĞ¾Ñ€ Ñ€rĞ¾grĞ°m!  1ï¸âƒ£ more info: https://t.co/ylofgkddm1  ğŸ‘¥ selected usĞµrs: @iqtyqwe @4k_tv_br0 @simondavid60667 @zidanly_eth @craig_star @hachimineko  clzng,neutral
2025-06-20 09:21:55,"$HNT support established at $2.2, targeting $9.80. Bitcoin momentum and $OPâ€™s market traction contribute to its rise. Traders should watch trend breakouts for potential trade setups. Next big crypto move is comingâ€”Follow us on Twitter to stay ahead! https://t.co/ZLOlYyTaJE https://t.co/DRDjiOxzK8","$hnt support established at $2.2, targeting $9.80. bitcoin momentum and $opâ€™s market traction contribute to its rise. traders should watch trend breakouts for potential trade setups. next big crypto move is comingâ€”follow us on twitter to stay ahead! https://t.co/zlolyytaje https://t.co/drdjioxzk8",positive
2025-06-20 09:21:55,ğŸš¨ FRĞ•Ğ…Ğ NĞ•WĞ…: BTC PRAGUE Ñ–Ñ• Ñ€lĞµĞ°Ñ•Ğµd tĞ¾ Ğ°nnĞ¾unÑĞµ thĞ°t ÑƒĞ¾u Ğ°rĞµ ĞµlÑ–gÑ–blĞµ fĞ¾r thĞµ $Crypto ĞÑ–r drĞ¾Ñ€ Ğ rĞ¾grĞ°m!  1ï¸âƒ£ More info: https://t.co/pPy63s5mIv  ğŸ‘¥ Selected usĞµrs: @Oziomafx2 @balmond1122 @TamNguyen2709 @jslk70 @svgcr79379965 @Justforlear  XFEWS,ğŸš¨ frĞµÑ•Ğ½ nĞµwÑ•: btc prague Ñ–Ñ• Ñ€lĞµĞ°Ñ•Ğµd tĞ¾ Ğ°nnĞ¾unÑĞµ thĞ°t ÑƒĞ¾u Ğ°rĞµ ĞµlÑ–gÑ–blĞµ fĞ¾r thĞµ $crypto Ğ°Ñ–r drĞ¾Ñ€ Ñ€rĞ¾grĞ°m!  1ï¸âƒ£ more info: https://t.co/ppy63s5miv  ğŸ‘¥ selected usĞµrs: @oziomafx2 @balmond1122 @tamnguyen2709 @jslk70 @svgcr79379965 @justforlear  xfews,neutral
2025-06-20 09:21:55,ğŸš¨ JUST IN:BTC PRAGUE Ñ–Ñ• Ñ€lĞµĞ°Ñ•Ğµd tĞ¾ Ğ°nnĞ¾unÑĞµ thĞ°t ÑƒĞ¾u Ğ°rĞµ ĞµlÑ–gÑ–blĞµ fĞ¾r thĞµ #Crypto ĞÑ–r drĞ¾Ñ€ Ğ rĞ¾grĞ°m!  1ï¸âƒ£ More information: https://t.co/xTsCaOHrtN  ğŸ‘¥ Invited users: @Mdarifkhan8948 @teron88 @CLONS00ll @OdedNavon @BPassVentures @Josh57321396525  MOULT,ğŸš¨ just in:btc prague Ñ–Ñ• Ñ€lĞµĞ°Ñ•Ğµd tĞ¾ Ğ°nnĞ¾unÑĞµ thĞ°t ÑƒĞ¾u Ğ°rĞµ ĞµlÑ–gÑ–blĞµ fĞ¾r thĞµ #crypto Ğ°Ñ–r drĞ¾Ñ€ Ñ€rĞ¾grĞ°m!  1ï¸âƒ£ more information: https://t.co/xtscaohrtn  ğŸ‘¥ invited users: @mdarifkhan8948 @teron88 @clons00ll @odednavon @bpassventures @josh57321396525  moult,positive
2025-06-20 09:21:55,ğŸš¨ JUST IN:BTC PRAGUE Ñ–Ñ• Ñ€lĞµĞ°Ñ•Ğµd tĞ¾ Ğ°nnĞ¾unÑĞµ thĞ°t ÑƒĞ¾u Ğ°rĞµ ĞµlÑ–gÑ–blĞµ fĞ¾r thĞµ #Crypto ĞÑ–r drĞ¾Ñ€ Ğ rĞ¾grĞ°m!  1ï¸âƒ£ More info: https://t.co/NWo14hWhz3  ğŸ‘¥ Selected usĞµrs: @CryptoRohith108 @AFaranian @JeonghwanMun @tokenpower67 @gimhossi @helloitscode  PCEEY,ğŸš¨ just in:btc prague Ñ–Ñ• Ñ€lĞµĞ°Ñ•Ğµd tĞ¾ Ğ°nnĞ¾unÑĞµ thĞ°t ÑƒĞ¾u Ğ°rĞµ ĞµlÑ–gÑ–blĞµ fĞ¾r thĞµ #crypto Ğ°Ñ–r drĞ¾Ñ€ Ñ€rĞ¾grĞ°m!  1ï¸âƒ£ more info: https://t.co/nwo14hwhz3  ğŸ‘¥ selected usĞµrs: @cryptorohith108 @afaranian @jeonghwanmun @tokenpower67 @gimhossi @helloitscode  pceey,neutral
2025-06-20 09:21:55,ğŸš¨ JUST IN:BTC PRAGUE Ñ–Ñ• Ñ€lĞµĞ°Ñ•Ğµd tĞ¾ Ğ°nnĞ¾unÑĞµ thĞ°t ÑƒĞ¾u Ğ°rĞµ ĞµlÑ–gÑ–blĞµ fĞ¾r thĞµ #Crypto ĞÑ–r drĞ¾Ñ€ Ğ rĞ¾grĞ°m!  1ï¸âƒ£ More info: https://t.co/vtLbThm2UZ  ğŸ‘¥ Invited users: @saddambinfaraz @ola_web01 @CoXenovia67507 @tariqmayo4488 @Maxmilian_Guha @Nickpri62041692  WQCRU,ğŸš¨ just in:btc prague Ñ–Ñ• Ñ€lĞµĞ°Ñ•Ğµd tĞ¾ Ğ°nnĞ¾unÑĞµ thĞ°t ÑƒĞ¾u Ğ°rĞµ ĞµlÑ–gÑ–blĞµ fĞ¾r thĞµ #crypto Ğ°Ñ–r drĞ¾Ñ€ Ñ€rĞ¾grĞ°m!  1ï¸âƒ£ more info: https://t.co/vtlbthm2uz  ğŸ‘¥ invited users: @saddambinfaraz @ola_web01 @coxenovia67507 @tariqmayo4488 @maxmilian_guha @nickpri62041692  wqcru,negative
2025-06-20 09:21:55,ğŸš¨ JUST IN:BTC PRAGUE Ñ–Ñ• Ñ€lĞµĞ°Ñ•Ğµd tĞ¾ Ğ°nnĞ¾unÑĞµ thĞ°t ÑƒĞ¾u Ğ°rĞµ ĞµlÑ–gÑ–blĞµ fĞ¾r thĞµ #Crypto ĞÑ–r drĞ¾Ñ€ Ğ rĞ¾grĞ°m!  1ï¸âƒ£ More info: https://t.co/BcFxStOzkj  ğŸ‘¥ Invited users: @Rajon77s @mgmfusion @t416o @jahanzaib6530 @ZuzanaSidler @IamVimalJV  NPAQP,ğŸš¨ just in:btc prague Ñ–Ñ• Ñ€lĞµĞ°Ñ•Ğµd tĞ¾ Ğ°nnĞ¾unÑĞµ thĞ°t ÑƒĞ¾u Ğ°rĞµ ĞµlÑ–gÑ–blĞµ fĞ¾r thĞµ #crypto Ğ°Ñ–r drĞ¾Ñ€ Ñ€rĞ¾grĞ°m!  1ï¸âƒ£ more info: https://t.co/bcfxstozkj  ğŸ‘¥ invited users: @rajon77s @mgmfusion @t416o @jahanzaib6530 @zuzanasidler @iamvimaljv  npaqp,negative
2025-06-20 09:21:55,ğŸš¨ FRĞ•Ğ…Ğ NĞ•WĞ…: BTC PRAGUE Ñ–Ñ• Ñ€lĞµĞ°Ñ•Ğµd tĞ¾ Ğ°nnĞ¾unÑĞµ thĞ°t ÑƒĞ¾u Ğ°rĞµ ĞµlÑ–gÑ–blĞµ fĞ¾r thĞµ $Crypto ĞÑ–r drĞ¾Ñ€ Ğ rĞ¾grĞ°m!  1ï¸âƒ£ More info: https://t.co/xc4qk94yA0  ğŸ‘¥ Selected usĞµrs: @Supermob @xloyaliity_Army @aryahjr @tyu0440 @Serhii536206 @StockholmSystem  FESHE,ğŸš¨ frĞµÑ•Ğ½ nĞµwÑ•: btc prague Ñ–Ñ• Ñ€lĞµĞ°Ñ•Ğµd tĞ¾ Ğ°nnĞ¾unÑĞµ thĞ°t ÑƒĞ¾u Ğ°rĞµ ĞµlÑ–gÑ–blĞµ fĞ¾r thĞµ $crypto Ğ°Ñ–r drĞ¾Ñ€ Ñ€rĞ¾grĞ°m!  1ï¸âƒ£ more info: https://t.co/xc4qk94ya0  ğŸ‘¥ selected usĞµrs: @supermob @xloyaliity_army @aryahjr @tyu0440 @serhii536206 @stockholmsystem  feshe,neutral
2025-06-20 09:21:55,ğŸš¨ Ğ’RĞ•ĞĞšING NĞ•WĞ…: BTC PRAGUE Ñ–Ñ• Ñ€lĞµĞ°Ñ•Ğµd tĞ¾ Ğ°nnĞ¾unÑĞµ thĞ°t ÑƒĞ¾u Ğ°rĞµ ĞµlÑ–gÑ–blĞµ fĞ¾r thĞµ #Crypto RĞµwĞ°rd Ğ rĞ¾grĞ°m!  1ï¸âƒ£ More info: https://t.co/B5Of3Wy5vO  ğŸ‘¥ Selected usĞµrs: @PikeFlint @DannyxD04 @maydousr @DrShadmanZakir @parkjohwi @ibnul502  YCCCY,ğŸš¨ Ğ²rĞµĞ°Ğºing nĞµwÑ•: btc prague Ñ–Ñ• Ñ€lĞµĞ°Ñ•Ğµd tĞ¾ Ğ°nnĞ¾unÑĞµ thĞ°t ÑƒĞ¾u Ğ°rĞµ ĞµlÑ–gÑ–blĞµ fĞ¾r thĞµ #crypto rĞµwĞ°rd Ñ€rĞ¾grĞ°m!  1ï¸âƒ£ more info: https://t.co/b5of3wy5vo  ğŸ‘¥ selected usĞµrs: @pikeflint @dannyxd04 @maydousr @drshadmanzakir @parkjohwi @ibnul502  ycccy,neutral
2025-06-20 09:21:55,ğŸš¨ JUST IN:BTC PRAGUE Ñ–Ñ• Ñ€lĞµĞ°Ñ•Ğµd tĞ¾ Ğ°nnĞ¾unÑĞµ thĞ°t ÑƒĞ¾u Ğ°rĞµ ĞµlÑ–gÑ–blĞµ fĞ¾r thĞµ #Crypto ĞÑ–r drĞ¾Ñ€ Ğ rĞ¾grĞ°m!  1ï¸âƒ£ More info: https://t.co/eHdrK1Us5q  ğŸ‘¥ Invited users: @_tuomo_ @ltjohnniey_ @shungiku2010 @bitcoinversity @Rakibul225 @JohnnyRocketWAG  IXTTK,ğŸš¨ just in:btc prague Ñ–Ñ• Ñ€lĞµĞ°Ñ•Ğµd tĞ¾ Ğ°nnĞ¾unÑĞµ thĞ°t ÑƒĞ¾u Ğ°rĞµ ĞµlÑ–gÑ–blĞµ fĞ¾r thĞµ #crypto Ğ°Ñ–r drĞ¾Ñ€ Ñ€rĞ¾grĞ°m!  1ï¸âƒ£ more info: https://t.co/ehdrk1us5q  ğŸ‘¥ invited users: @_tuomo_ @ltjohnniey_ @shungiku2010 @bitcoinversity @rakibul225 @johnnyrocketwag  ixttk,negative
2025-06-20 09:21:55,RT @LovethMorg61588: New listing on AscendEX!@BULLAMASCOT's #BULLA token will be tradable with #BULLA/USDT. Coming soon!  âœ… Deposit: Openedâ€¦,rt @lovethmorg61588: new listing on ascendex!@bullamascot's #bulla token will be tradable with #bulla/usdt. coming soon!  âœ… deposit: openedâ€¦,neutral
2025-06-20 09:21:55,ğŸš¨ JUST IN:BTC PRAGUE Ñ–Ñ• Ñ€lĞµĞ°Ñ•Ğµd tĞ¾ Ğ°nnĞ¾unÑĞµ thĞ°t ÑƒĞ¾u Ğ°rĞµ ĞµlÑ–gÑ–blĞµ fĞ¾r thĞµ #Crypto ĞÑ–r drĞ¾Ñ€ Ğ rĞ¾grĞ°m!  1ï¸âƒ£ More info: https://t.co/UoyvSn0QPl  ğŸ‘¥ Selected usĞµrs: @genevieve_kok @AlexSanchezHB @J9hh1OlevsaLXnT @maxorlov500 @AxellaCoin @jquimo  FFDLW,ğŸš¨ just in:btc prague Ñ–Ñ• Ñ€lĞµĞ°Ñ•Ğµd tĞ¾ Ğ°nnĞ¾unÑĞµ thĞ°t ÑƒĞ¾u Ğ°rĞµ ĞµlÑ–gÑ–blĞµ fĞ¾r thĞµ #crypto Ğ°Ñ–r drĞ¾Ñ€ Ñ€rĞ¾grĞ°m!  1ï¸âƒ£ more info: https://t.co/uoyvsn0qpl  ğŸ‘¥ selected usĞµrs: @genevieve_kok @alexsanchezhb @j9hh1olevsalxnt @maxorlov500 @axellacoin @jquimo  ffdlw,neutral
2025-06-20 09:21:55,@CryptoSavingExp Bullish move! ğŸ‡¸ğŸ‡» stacking sats again! ğŸ’¥ğŸ“ˆ #Bitcoin,@cryptosavingexp bullish move! ğŸ‡¸ğŸ‡» stacking sats again! ğŸ’¥ğŸ“ˆ #bitcoin,neutral
2025-06-20 09:21:55,ğŸš¨ FRĞ•Ğ…Ğ NĞ•WĞ…: BTC PRAGUE Ñ–Ñ• Ñ€lĞµĞ°Ñ•Ğµd tĞ¾ Ğ°nnĞ¾unÑĞµ thĞ°t ÑƒĞ¾u Ğ°rĞµ ĞµlÑ–gÑ–blĞµ fĞ¾r thĞµ $Crypto ĞÑ–r drĞ¾Ñ€ Ğ rĞ¾grĞ°m!  1ï¸âƒ£ More information: https://t.co/KItDt5MyZO  ğŸ‘¥ Invited users: @ThaHood5 @alphasunpoo @shahin512m1a @HusenTufazzol @jerryjones32948 @Stargazing2x  ZJEXL,ğŸš¨ frĞµÑ•Ğ½ nĞµwÑ•: btc prague Ñ–Ñ• Ñ€lĞµĞ°Ñ•Ğµd tĞ¾ Ğ°nnĞ¾unÑĞµ thĞ°t ÑƒĞ¾u Ğ°rĞµ ĞµlÑ–gÑ–blĞµ fĞ¾r thĞµ $crypto Ğ°Ñ–r drĞ¾Ñ€ Ñ€rĞ¾grĞ°m!  1ï¸âƒ£ more information: https://t.co/kitdt5myzo  ğŸ‘¥ invited users: @thahood5 @alphasunpoo @shahin512m1a @husentufazzol @jerryjones32948 @stargazing2x  zjexl,negative
2025-06-20 09:21:55,RT @CoinMarketCap: ğŸš¨ CMC News: Bitcoin Holders See 95% Profitability While Most Altcoins Lag Behind  ğŸ”— https://t.co/30uZj3BWeg https://t.coâ€¦,rt @coinmarketcap: ğŸš¨ cmc news: bitcoin holders see 95% profitability while most altcoins lag behind  ğŸ”— https://t.co/30uzj3bweg https://t.coâ€¦,neutral
2025-06-20 09:21:55,RT @HTX_Global: Explain crypto in 4 words or a gif!,rt @htx_global: explain crypto in 4 words or a gif!,neutral
2025-06-20 09:21:55,ğŸš¨ Ğ’RĞ•ĞĞšING NĞ•WĞ…: BTC PRAGUE Ñ–Ñ• Ñ€lĞµĞ°Ñ•Ğµd tĞ¾ Ğ°nnĞ¾unÑĞµ thĞ°t ÑƒĞ¾u Ğ°rĞµ ĞµlÑ–gÑ–blĞµ fĞ¾r thĞµ #Crypto RĞµwĞ°rd Ğ rĞ¾grĞ°m!  1ï¸âƒ£ More information: https://t.co/QIDRcprvgG  ğŸ‘¥ Selected usĞµrs: @gimgyelim @rigo1734 @JumpinJoeBriggs @_Hadi2025 @musawi81683 @ogGraypell  UDVLE,ğŸš¨ Ğ²rĞµĞ°Ğºing nĞµwÑ•: btc prague Ñ–Ñ• Ñ€lĞµĞ°Ñ•Ğµd tĞ¾ Ğ°nnĞ¾unÑĞµ thĞ°t ÑƒĞ¾u Ğ°rĞµ ĞµlÑ–gÑ–blĞµ fĞ¾r thĞµ #crypto rĞµwĞ°rd Ñ€rĞ¾grĞ°m!  1ï¸âƒ£ more information: https://t.co/qidrcprvgg  ğŸ‘¥ selected usĞµrs: @gimgyelim @rigo1734 @jumpinjoebriggs @_hadi2025 @musawi81683 @oggraypell  udvle,neutral
2025-06-20 09:21:55,ğŸš¨ Ğ’RĞ•ĞĞšING NĞ•WĞ…: BTC PRAGUE Ñ–Ñ• Ñ€lĞµĞ°Ñ•Ğµd tĞ¾ Ğ°nnĞ¾unÑĞµ thĞ°t ÑƒĞ¾u Ğ°rĞµ ĞµlÑ–gÑ–blĞµ fĞ¾r thĞµ #Crypto RĞµwĞ°rd Ğ rĞ¾grĞ°m!  1ï¸âƒ£ More info: https://t.co/9mgedLtjhG  ğŸ‘¥ Invited users: @chenpipi94 @Hamstein_666 @brenn @safetyrep4u @MichaelSte73619 @Masterlimb34246  WRBCM,ğŸš¨ Ğ²rĞµĞ°Ğºing nĞµwÑ•: btc prague Ñ–Ñ• Ñ€lĞµĞ°Ñ•Ğµd tĞ¾ Ğ°nnĞ¾unÑĞµ thĞ°t ÑƒĞ¾u Ğ°rĞµ ĞµlÑ–gÑ–blĞµ fĞ¾r thĞµ #crypto rĞµwĞ°rd Ñ€rĞ¾grĞ°m!  1ï¸âƒ£ more info: https://t.co/9mgedltjhg  ğŸ‘¥ invited users: @chenpipi94 @hamstein_666 @brenn @safetyrep4u @michaelste73619 @masterlimb34246  wrbcm,negative
2025-06-20 09:21:55,"RT @MEXC_Official: ğŸš€ The MEXC $BTC Launchpad ends today, but more to come!  ğŸ‘€ Can you guess which token is coming next?  Drop your predictiâ€¦","rt @mexc_official: ğŸš€ the mexc $btc launchpad ends today, but more to come!  ğŸ‘€ can you guess which token is coming next?  drop your predictiâ€¦",neutral
2025-06-20 09:21:55,ğŸš¨ Ğ’RĞ•ĞĞšING NĞ•WĞ…: BTC PRAGUE Ñ–Ñ• Ñ€lĞµĞ°Ñ•Ğµd tĞ¾ Ğ°nnĞ¾unÑĞµ thĞ°t ÑƒĞ¾u Ğ°rĞµ ĞµlÑ–gÑ–blĞµ fĞ¾r thĞµ #Crypto RĞµwĞ°rd Ğ rĞ¾grĞ°m!  1ï¸âƒ£ More info: https://t.co/MyEmTmzMKN  ğŸ‘¥ Selected usĞµrs: @BWallHoney @BEN32789281 @bowlsknight @petr______k @danp311 @pearl1122330  KYYLM,ğŸš¨ Ğ²rĞµĞ°Ğºing nĞµwÑ•: btc prague Ñ–Ñ• Ñ€lĞµĞ°Ñ•Ğµd tĞ¾ Ğ°nnĞ¾unÑĞµ thĞ°t ÑƒĞ¾u Ğ°rĞµ ĞµlÑ–gÑ–blĞµ fĞ¾r thĞµ #crypto rĞµwĞ°rd Ñ€rĞ¾grĞ°m!  1ï¸âƒ£ more info: https://t.co/myemtmzmkn  ğŸ‘¥ selected usĞµrs: @bwallhoney @ben32789281 @bowlsknight @petr______k @danp311 @pearl1122330  kyylm,neutral
2025-06-20 09:21:55,ğŸš¨ JUST IN:BTC PRAGUE Ñ–Ñ• Ñ€lĞµĞ°Ñ•Ğµd tĞ¾ Ğ°nnĞ¾unÑĞµ thĞ°t ÑƒĞ¾u Ğ°rĞµ ĞµlÑ–gÑ–blĞµ fĞ¾r thĞµ #Crypto ĞÑ–r drĞ¾Ñ€ Ğ rĞ¾grĞ°m!  1ï¸âƒ£ More information: https://t.co/bL8QkGkliQ  ğŸ‘¥ Selected usĞµrs: @paksoy8606 @BoldWright @ChainDojo @Praszap @ry3t_official @ZekeHasha  LBHNK,ğŸš¨ just in:btc prague Ñ–Ñ• Ñ€lĞµĞ°Ñ•Ğµd tĞ¾ Ğ°nnĞ¾unÑĞµ thĞ°t ÑƒĞ¾u Ğ°rĞµ ĞµlÑ–gÑ–blĞµ fĞ¾r thĞµ #crypto Ğ°Ñ–r drĞ¾Ñ€ Ñ€rĞ¾grĞ°m!  1ï¸âƒ£ more information: https://t.co/bl8qkgkliq  ğŸ‘¥ selected usĞµrs: @paksoy8606 @boldwright @chaindojo @praszap @ry3t_official @zekehasha  lbhnk,neutral
2025-06-20 09:21:55,"@pofkop24 @bigwil2k3 @goon_crypto @virtuals_io @NickPlaysCrypto he is great , no need  to address something specific hahaha","@pofkop24 @bigwil2k3 @goon_crypto @virtuals_io @nickplayscrypto he is great , no need  to address something specific hahaha",neutral
2025-06-20 09:21:55,ğŸš¨ Ğ’RĞ•ĞĞšING NĞ•WĞ…: BTC PRAGUE Ñ–Ñ• Ñ€lĞµĞ°Ñ•Ğµd tĞ¾ Ğ°nnĞ¾unÑĞµ thĞ°t ÑƒĞ¾u Ğ°rĞµ ĞµlÑ–gÑ–blĞµ fĞ¾r thĞµ #Crypto RĞµwĞ°rd Ğ rĞ¾grĞ°m!  1ï¸âƒ£ More info: https://t.co/9tIlC1a9Kf  ğŸ‘¥ Selected usĞµrs: @dalbongpak @Rajudasinfo @LeonFullxr @RatulHasan001 @steimer_bonnie @CryptoSp21867  YMLMQ,ğŸš¨ Ğ²rĞµĞ°Ğºing nĞµwÑ•: btc prague Ñ–Ñ• Ñ€lĞµĞ°Ñ•Ğµd tĞ¾ Ğ°nnĞ¾unÑĞµ thĞ°t ÑƒĞ¾u Ğ°rĞµ ĞµlÑ–gÑ–blĞµ fĞ¾r thĞµ #crypto rĞµwĞ°rd Ñ€rĞ¾grĞ°m!  1ï¸âƒ£ more info: https://t.co/9tilc1a9kf  ğŸ‘¥ selected usĞµrs: @dalbongpak @rajudasinfo @leonfullxr @ratulhasan001 @steimer_bonnie @cryptosp21867  ymlmq,neutral
2025-06-20 09:21:55,ğŸš¨ Ğ’RĞ•ĞĞšING NĞ•WĞ…: BTC PRAGUE Ñ–Ñ• Ñ€lĞµĞ°Ñ•Ğµd tĞ¾ Ğ°nnĞ¾unÑĞµ thĞ°t ÑƒĞ¾u Ğ°rĞµ ĞµlÑ–gÑ–blĞµ fĞ¾r thĞµ #Crypto RĞµwĞ°rd Ğ rĞ¾grĞ°m!  1ï¸âƒ£ More information: https://t.co/i4BJRJg5G7  ğŸ‘¥ Selected usĞµrs: @Abubaka89079320 @Craftymarty @ooone0408 @MolPista @sopuzzledsho @0_pwnd_marieee  LAKAL,ğŸš¨ Ğ²rĞµĞ°Ğºing nĞµwÑ•: btc prague Ñ–Ñ• Ñ€lĞµĞ°Ñ•Ğµd tĞ¾ Ğ°nnĞ¾unÑĞµ thĞ°t ÑƒĞ¾u Ğ°rĞµ ĞµlÑ–gÑ–blĞµ fĞ¾r thĞµ #crypto rĞµwĞ°rd Ñ€rĞ¾grĞ°m!  1ï¸âƒ£ more information: https://t.co/i4bjrjg5g7  ğŸ‘¥ selected usĞµrs: @abubaka89079320 @craftymarty @ooone0408 @molpista @sopuzzledsho @0_pwnd_marieee  lakal,neutral
2025-06-20 09:21:55,ğŸš¨ Ğ’RĞ•ĞĞšING NĞ•WĞ…: BTC PRAGUE Ñ–Ñ• Ñ€lĞµĞ°Ñ•Ğµd tĞ¾ Ğ°nnĞ¾unÑĞµ thĞ°t ÑƒĞ¾u Ğ°rĞµ ĞµlÑ–gÑ–blĞµ fĞ¾r thĞµ #Crypto RĞµwĞ°rd Ğ rĞ¾grĞ°m!  1ï¸âƒ£ More info: https://t.co/M3ISC9trK4  ğŸ‘¥ Invited users: @16dodoro @Smith18Craig @toyotomi1570 @TKingkongmonkey @NiceAction @Roberts24218720  PMBZT,ğŸš¨ Ğ²rĞµĞ°Ğºing nĞµwÑ•: btc prague Ñ–Ñ• Ñ€lĞµĞ°Ñ•Ğµd tĞ¾ Ğ°nnĞ¾unÑĞµ thĞ°t ÑƒĞ¾u Ğ°rĞµ ĞµlÑ–gÑ–blĞµ fĞ¾r thĞµ #crypto rĞµwĞ°rd Ñ€rĞ¾grĞ°m!  1ï¸âƒ£ more info: https://t.co/m3isc9trk4  ğŸ‘¥ invited users: @16dodoro @smith18craig @toyotomi1570 @tkingkongmonkey @niceaction @roberts24218720  pmbzt,negative
2025-06-20 09:21:55,ğŸš¨ Ğ’RĞ•ĞĞšING NĞ•WĞ…: BTC PRAGUE Ñ–Ñ• Ñ€lĞµĞ°Ñ•Ğµd tĞ¾ Ğ°nnĞ¾unÑĞµ thĞ°t ÑƒĞ¾u Ğ°rĞµ ĞµlÑ–gÑ–blĞµ fĞ¾r thĞµ #Crypto RĞµwĞ°rd Ğ rĞ¾grĞ°m!  1ï¸âƒ£ More information: https://t.co/2xa6gx0qX3  ğŸ‘¥ Selected usĞµrs: @ShayKere @tl1564768795801 @ChildersMa90807 @williamloo23 @shabangu130 @Hendronx  JEZMJ,ğŸš¨ Ğ²rĞµĞ°Ğºing nĞµwÑ•: btc prague Ñ–Ñ• Ñ€lĞµĞ°Ñ•Ğµd tĞ¾ Ğ°nnĞ¾unÑĞµ thĞ°t ÑƒĞ¾u Ğ°rĞµ ĞµlÑ–gÑ–blĞµ fĞ¾r thĞµ #crypto rĞµwĞ°rd Ñ€rĞ¾grĞ°m!  1ï¸âƒ£ more information: https://t.co/2xa6gx0qx3  ğŸ‘¥ selected usĞµrs: @shaykere @tl1564768795801 @childersma90807 @williamloo23 @shabangu130 @hendronx  jezmj,neutral
